,NAME,Year,state,Total_population,Households,HOUSEHOLDS BY PRESENCE OF PEOPLE UNDER 18 YEARS BY HOUSEHOLD TYPE Estimate!!Total:!!Households with one or more people under 18 years:,HOUSEHOLDS BY PRESENCE OF PEOPLE UNDER 18 YEARS BY HOUSEHOLD TYPE Estimate!!Total:!!Households with one or more people under 18 years:!!Family households:!!Married-couple family,HOUSEHOLDS BY PRESENCE OF PEOPLE UNDER 18 YEARS BY HOUSEHOLD TYPE Estimate!!Total:!!Households with no people under 18 years:!!Family households:!!Married-couple family,EDUCATIONAL ATTAINMENT AND EMPLOYMENT STATUS BY LANGUAGE SPOKEN AT HOME FOR THE POPULATION 25 YEARS AND OVER Estimate!!Total:,EDUCATIONAL ATTAINMENT AND EMPLOYMENT STATUS BY LANGUAGE SPOKEN AT HOME FOR THE POPULATION 25 YEARS AND OVER Estimate!!Total:!!Less than high school graduate:,EDUCATIONAL ATTAINMENT AND EMPLOYMENT STATUS BY LANGUAGE SPOKEN AT HOME FOR THE POPULATION 25 YEARS AND OVER Estimate!!Total:!!High school graduate (includes equivalency):,EDUCATIONAL ATTAINMENT AND EMPLOYMENT STATUS BY LANGUAGE SPOKEN AT HOME FOR THE POPULATION 25 YEARS AND OVER Estimate!!Total:!!Some college or associate's degree:,EDUCATIONAL ATTAINMENT AND EMPLOYMENT STATUS BY LANGUAGE SPOKEN AT HOME FOR THE POPULATION 25 YEARS AND OVER Estimate!!Total:!!Bachelor's degree or higher:,POVERTY STATUS IN THE PAST 12 MONTHS OF RELATED CHILDREN UNDER 18 YEARS BY FAMILY TYPE BY AGE OF RELATED CHILDREN UNDER 18 YEARS Estimate!!Total:!!Income in the past 12 months below poverty level:,POVERTY STATUS IN THE PAST 12 MONTHS OF RELATED CHILDREN UNDER 18 YEARS BY FAMILY TYPE BY AGE OF RELATED CHILDREN UNDER 18 YEARS Estimate!!Total:!!Income in the past 12 months below poverty level:!!In married-couple family:,"POVERTY STATUS IN THE PAST 12 MONTHS OF RELATED CHILDREN UNDER 18 YEARS BY FAMILY TYPE BY AGE OF RELATED CHILDREN UNDER 18 YEARS Estimate!!Total:!!Income in the past 12 months below poverty level:!!In other family:!!Male householder, no spouse present:","POVERTY STATUS IN THE PAST 12 MONTHS OF RELATED CHILDREN UNDER 18 YEARS BY FAMILY TYPE BY AGE OF RELATED CHILDREN UNDER 18 YEARS Estimate!!Total:!!Income in the past 12 months below poverty level:!!In other family:!!Female householder, no spouse present:",POVERTY STATUS IN THE PAST 12 MONTHS OF RELATED CHILDREN UNDER 18 YEARS BY FAMILY TYPE BY AGE OF RELATED CHILDREN UNDER 18 YEARS Estimate!!Total:!!Income in the past 12 months at or above poverty level:,POVERTY STATUS IN THE PAST 12 MONTHS OF RELATED CHILDREN UNDER 18 YEARS BY FAMILY TYPE BY AGE OF RELATED CHILDREN UNDER 18 YEARS Estimate!!Total:!!Income in the past 12 months at or above poverty level:!!In married-couple family:,"POVERTY STATUS IN THE PAST 12 MONTHS OF RELATED CHILDREN UNDER 18 YEARS BY FAMILY TYPE BY AGE OF RELATED CHILDREN UNDER 18 YEARS Estimate!!Total:!!Income in the past 12 months at or above poverty level:!!In other family:!!Male householder, no spouse present:","POVERTY STATUS IN THE PAST 12 MONTHS OF RELATED CHILDREN UNDER 18 YEARS BY FAMILY TYPE BY AGE OF RELATED CHILDREN UNDER 18 YEARS Estimate!!Total:!!Income in the past 12 months at or above poverty level:!!In other family:!!Female householder, no spouse present:",POVERTY STATUS IN THE PAST 12 MONTHS OF FAMILIES BY HOUSEHOLD TYPE BY EDUCATIONAL ATTAINMENT OF HOUSEHOLDER Estimate!!Total:!!Income in the past 12 months below poverty level:!!Married-couple family:!!Less than high school graduate,POVERTY STATUS IN THE PAST 12 MONTHS OF FAMILIES BY HOUSEHOLD TYPE BY EDUCATIONAL ATTAINMENT OF HOUSEHOLDER Estimate!!Total:!!Income in the past 12 months below poverty level:!!Married-couple family:!!High school graduate (includes equivalency),"POVERTY STATUS IN THE PAST 12 MONTHS OF FAMILIES BY HOUSEHOLD TYPE BY EDUCATIONAL ATTAINMENT OF HOUSEHOLDER Estimate!!Total:!!Income in the past 12 months below poverty level:!!Married-couple family:!!Some college, associate's degree",POVERTY STATUS IN THE PAST 12 MONTHS OF FAMILIES BY HOUSEHOLD TYPE BY EDUCATIONAL ATTAINMENT OF HOUSEHOLDER Estimate!!Total:!!Income in the past 12 months below poverty level:!!Married-couple family:!!Bachelor's degree or higher,"POVERTY STATUS IN THE PAST 12 MONTHS OF FAMILIES BY HOUSEHOLD TYPE BY EDUCATIONAL ATTAINMENT OF HOUSEHOLDER Estimate!!Total:!!Income in the past 12 months below poverty level:!!Other families:!!Female householder, no spouse present:!!Less than high school graduate","POVERTY STATUS IN THE PAST 12 MONTHS OF FAMILIES BY HOUSEHOLD TYPE BY EDUCATIONAL ATTAINMENT OF HOUSEHOLDER Estimate!!Total:!!Income in the past 12 months below poverty level:!!Other families:!!Female householder, no spouse present:!!High school graduate (includes equivalency)","POVERTY STATUS IN THE PAST 12 MONTHS OF FAMILIES BY HOUSEHOLD TYPE BY EDUCATIONAL ATTAINMENT OF HOUSEHOLDER Estimate!!Total:!!Income in the past 12 months below poverty level:!!Other families:!!Female householder, no spouse present:!!Some college, associate's degree","POVERTY STATUS IN THE PAST 12 MONTHS OF FAMILIES BY HOUSEHOLD TYPE BY EDUCATIONAL ATTAINMENT OF HOUSEHOLDER Estimate!!Total:!!Income in the past 12 months below poverty level:!!Other families:!!Female householder, no spouse present:!!Bachelor's degree or higher",POVERTY STATUS IN THE PAST 12 MONTHS OF FAMILIES BY HOUSEHOLD TYPE BY EDUCATIONAL ATTAINMENT OF HOUSEHOLDER Estimate!!Total:!!Income in the past 12 months at or above poverty level:!!Married-couple family:!!Less than high school graduate,POVERTY STATUS IN THE PAST 12 MONTHS OF FAMILIES BY HOUSEHOLD TYPE BY EDUCATIONAL ATTAINMENT OF HOUSEHOLDER Estimate!!Total:!!Income in the past 12 months at or above poverty level:!!Married-couple family:!!High school graduate (includes equivalency),"POVERTY STATUS IN THE PAST 12 MONTHS OF FAMILIES BY HOUSEHOLD TYPE BY EDUCATIONAL ATTAINMENT OF HOUSEHOLDER Estimate!!Total:!!Income in the past 12 months at or above poverty level:!!Married-couple family:!!Some college, associate's degree",POVERTY STATUS IN THE PAST 12 MONTHS OF FAMILIES BY HOUSEHOLD TYPE BY EDUCATIONAL ATTAINMENT OF HOUSEHOLDER Estimate!!Total:!!Income in the past 12 months at or above poverty level:!!Married-couple family:!!Bachelor's degree or higher,"POVERTY STATUS IN THE PAST 12 MONTHS OF FAMILIES BY HOUSEHOLD TYPE BY EDUCATIONAL ATTAINMENT OF HOUSEHOLDER Estimate!!Total:!!Income in the past 12 months at or above poverty level:!!Other families:!!Female householder, no spouse present:!!Less than high school graduate","POVERTY STATUS IN THE PAST 12 MONTHS OF FAMILIES BY HOUSEHOLD TYPE BY EDUCATIONAL ATTAINMENT OF HOUSEHOLDER Estimate!!Total:!!Income in the past 12 months at or above poverty level:!!Other families:!!Female householder, no spouse present:!!High school graduate (includes equivalency)","POVERTY STATUS IN THE PAST 12 MONTHS OF FAMILIES BY HOUSEHOLD TYPE BY EDUCATIONAL ATTAINMENT OF HOUSEHOLDER Estimate!!Total:!!Income in the past 12 months at or above poverty level:!!Other families:!!Female householder, no spouse present:!!Some college, associate's degree","POVERTY STATUS IN THE PAST 12 MONTHS OF FAMILIES BY HOUSEHOLD TYPE BY EDUCATIONAL ATTAINMENT OF HOUSEHOLDER Estimate!!Total:!!Income in the past 12 months at or above poverty level:!!Other families:!!Female householder, no spouse present:!!Bachelor's degree or higher",Median_household_income,population_2014,5_year_population_growth,Married_couple_households_with_one_or_more_children_as_proportion_of_all_households,Married_couple_households_with_one_or_more_children_as_proportion_of_all_households_with_one_or_more_children,Proportion_of_children_below_poverty_level,Proportion_of_children_in_married_couple_families_below_poverty_level,Proportion_of_children_in_female_householder_families_below_poverty_level,Proportion_of_children_in_male_householder_families_below_poverty_level,Proportion_of_married-couple_families_below_the_poverty_level_where_householder_did_not_graduate_high_school,Proportion_of_married-couple_families_below_the_poverty_level_where_householder's_highest_education_=_high_school_graduate/equivalent,Proportion_of_married-couple_families_below_the_poverty_level_where_householder's_highest_education_=_some_college_or_associate's_degree,Proportion_of_married-couple_families_below_the_poverty_level_where_householder's_highest_education_level_=_bachelor's_degree_or_higher,Proportion_of_female-householder_families_below_the_poverty_level_where_householder_did_not_graduate_high_school,Proportion_of_female-householder_families_below_the_poverty_level_where_householder's_highest_education_=_high_school_graduate/equivalent,Proportion_of_female-householder_families_below_the_poverty_level_where_householder's_highest_education_=_some_college_or_associate's_degree,Proportion_of_female-householder_families_below_the_poverty_level_where_householder's_highest_education_level_=_bachelor's_degree_or_higher,Proportion_of_individuals_25+y/o_who_did_not_graduate_high_school,Proportion_of_individuals_25+y/o_whose_highest_education_level_=_high_school_graduate/equivalent,Proportion_of_individuals_25+_y/o_whose_highest_education_level_=_some_college/associate's_degree,Proportion_of_individuals_25+_y/o_whose_highest_education_level_=_bachelor's_degree_or_higher
0,Alabama,2019,1,4876250,1867893,560887,346010,537511,3320877,458922,1022839,993344,845772,254666,65209,18480,170977,821436,612127,52453,156856,14340,15946,12968,4704,21892,31994,30355,4744,62087,210389,264847,298240,20161,48224,67244,40003,50536,4817678,0.012157724115227309,0.185240803407904,0.6168978778256583,0.23665600472817633,0.09627275089468151,0.5215368800578343,0.26052754007302664,0.18763002603791853,0.07045308944705857,0.04667854507495996,0.01552762226682159,0.5205811713789742,0.39883816599765637,0.311017530917325,0.10601828055512101,0.13819301347204369,0.30800267519694347,0.2991209852096299,0.254683326121383
1,Alaska,2019,2,737068,253346,87149,57885,66718,480586,34376,134582,169609,142019,25785,8800,3953,13032,153652,117465,13607,22580,617,1668,1396,444,834,2595,2145,334,4590,23254,45878,46756,1451,5736,8862,4896,77640,728300,0.012038994919675972,0.22848199695278393,0.6642072771919356,0.1436994599775966,0.0696946897398329,0.3659440637987195,0.2251138952164009,0.11849433454964471,0.06692881791188508,0.029529974193002496,0.009406779661016948,0.3649890590809628,0.3114872164205978,0.1948759880076315,0.06386233269598471,0.07152934126254198,0.2800372878111306,0.3529212253374006,0.29551214558892686
2,Arizona,2019,4,7050299,2571268,789782,496083,728297,4732532,608637,1129129,1600240,1394526,338669,124565,37324,176780,1261843,913238,113666,234939,23892,20600,20877,10923,25793,23597,27690,6153,90976,201862,399596,455654,27334,52220,95193,55475,58945,6561516,0.0744923886492086,0.1929332142740469,0.6281264956658926,0.21160041286788228,0.12002759675969331,0.42937051727027414,0.24719517848864164,0.20799526412926142,0.09260008450881499,0.04965122611915628,0.023410926813794936,0.4854970165829051,0.31123626627273565,0.22533629550059814,0.0998409813721036,0.12860705432102731,0.23858877235272788,0.3381361182555131,0.2946680550707317
3,Arkansas,2019,5,2999370,1158071,364192,227539,332292,2011639,270168,684659,593576,463236,160422,52626,12701,95095,526924,390788,37914,98222,8426,12866,9499,3573,11425,17531,19064,2654,44422,151631,163452,165962,11825,30258,38982,20971,47597,2947036,0.017758181440606702,0.19648104477186631,0.6247775898427204,0.23339337102420032,0.11868366808445381,0.4919122477588624,0.25093351773189765,0.15943838934302149,0.0782141923560916,0.05492307069632439,0.021075294187041023,0.4913978494623656,0.36684174182343215,0.32842917685973194,0.11233862433862433,0.13430242702592265,0.34034883992605036,0.29507083527412226,0.23027789777390476
4,California,2019,6,39283497,13044266,4482879,3050730,3440506,26471543,4418675,5423462,7648680,8980726,1574454,633721,159610,781123,7272652,5504155,588062,1180435,147184,86834,80030,58298,131289,100843,123990,35132,738802,930831,1770325,2678932,202212,268597,478465,350097,75235,38066920,0.03195890290047099,0.23387517549856773,0.6805291867123784,0.1779626015558082,0.10324760552347424,0.3982156020877282,0.21347596272162125,0.16612452115496182,0.08532670377776577,0.04325115991255732,0.021298173701150433,0.3936689845007961,0.27296177999133825,0.20580790266492932,0.0911977031843397,0.16692170154191616,0.20487895246605006,0.2889397115989801,0.3392596343930537
5,Colorado,2019,8,5610349,2148994,658465,466708,602135,3825579,315751,817452,1127242,1565134,151166,58159,12298,80709,1086856,856153,80222,150481,9097,9352,11245,7757,9799,12844,16382,4904,54539,161380,297242,518231,13597,34086,58818,50725,72331,5197580,0.07941561265050279,0.21717510611942145,0.7087817879462083,0.12210283823712341,0.0636095774746476,0.34910246983001,0.1329226113272806,0.1429536740209944,0.05477590609844669,0.03645210333012412,0.014747484733492019,0.41883227902205505,0.2736842105263158,0.21784574468085105,0.0881554584838843,0.08253678724187895,0.2136805958000083,0.29465918753736364,0.40912342942074914
6,Delaware,2019,10,957248,363322,102861,64145,112493,669320,66816,209449,178917,214138,34298,9694,2741,21863,164272,116974,13485,33813,1643,2106,1747,974,2122,4540,3351,596,9956,39777,48062,72373,2578,11959,11590,9751,68287,917060,0.04382265064445079,0.1765513786668575,0.6236085591234773,0.17272498363297578,0.07653077336028041,0.39268266398448165,0.16892641439664735,0.14165014225364256,0.05028293102213308,0.03507398261358389,0.01327934339509455,0.45148936170212767,0.27516819201163706,0.2242821765611405,0.05760123707354789,0.0998266897746967,0.3129280463754258,0.267311599832666,0.3199336640172115
7,District of Columbia,2019,11,692683,284386,59173,29257,44627,494116,44850,83185,76822,289259,28907,2215,1832,24860,92888,55743,7371,29774,571,502,558,374,3143,5053,2841,701,3222,5447,6985,56225,3223,8405,8166,8300,86420,633736,0.09301507252231223,0.1028777787936115,0.4944315819715073,0.2373414343774375,0.03821732979053798,0.45502800453929787,0.19906552211235468,0.15054046928552597,0.08438393007228105,0.07397587166909718,0.00660789059877383,0.49371661954131324,0.37546440778718976,0.25810847642409374,0.07788023552938562,0.09076815970338949,0.1683511564086166,0.15547361348347352,0.5854070704045204
8,Connecticut,2019,9,3575074,1370746,403685,266633,392880,2483095,232663,666828,608139,975465,95015,21746,7918,65351,636513,475780,42246,118487,4276,5416,4011,4418,9493,12534,11775,3131,31391,127014,151799,331188,12098,39620,45503,37762,78444,3592053,-0.004726823351437148,0.1945167084200866,0.6604976652588033,0.12988566398005272,0.043708268512600346,0.35548145649974433,0.15784227733035644,0.11988673003056047,0.04089707770142717,0.025742891983826455,0.01316424616961556,0.439673938214997,0.24032672469992714,0.2055763120220678,0.07656567138630084,0.09369879122627205,0.26854711559565786,0.2449116928671678,0.39284240031090234
9,Florida,2019,12,20901636,7736311,2087688,1281766,2340583,14965745,1767583,4276237,4450224,4471701,812037,255999,75689,480349,3284814,2312311,267854,704649,46441,63804,53029,41657,54549,84663,77480,24430,227887,746082,1061698,1381751,78473,201731,274802,198438,55660,19361792,0.07953003523640789,0.16568180881042657,0.6139643471629861,0.19821003985744173,0.09967605156698374,0.4053584900565233,0.2203188538261586,0.16929004695109504,0.07878145813114439,0.04757128875500459,0.029265677866079157,0.4100750251838042,0.2956172266178761,0.21993743648554284,0.10961645458298186,0.11810858731055487,0.28573499013914777,0.29736067265612237,0.298795749894175
10,Georgia,2019,13,10403847,3758798,1265020,790074,996377,6888279,885498,1909067,1936098,2157616,522512,148035,40945,333532,1936720,1406176,130452,400092,27543,31689,22396,13193,38293,54791,56933,12894,125945,366310,486888,712487,41918,100574,143003,112836,58700,9907756,0.05007097469901356,0.21019325858958104,0.6245545524971937,0.21246958400020818,0.09524768515986567,0.4546361623938148,0.23888982887681814,0.17944725320546231,0.07962080306734438,0.04397546359202331,0.018180189615257414,0.47740334866788847,0.35265986547806777,0.2847561219590269,0.10255308995466476,0.12855141320495295,0.27714716549663565,0.2810713677538323,0.3132300535445791
11,Idaho,2019,16,1717750,630008,202920,146202,195256,1115556,102929,305181,399909,307537,66851,28263,5897,32691,365918,301072,23887,40959,2701,4944,7785,3078,3054,5303,6598,1527,19533,67511,119866,116040,3964,10280,17331,9005,55785,1599464,0.07395352443068437,0.23206371982578,0.7204908338261384,0.15447270945931896,0.08581839160732992,0.4438696537678208,0.1979922105828633,0.12148061527390483,0.06823545649023532,0.06098659626638256,0.02583992343726389,0.4351667141635794,0.34030674452929477,0.2757323749425383,0.1449867071781238,0.09226699511275095,0.2735685165065671,0.3584840205242946,0.27568046785638733
12,Hawaii,2019,15,1422094,459424,145155,101564,135829,993005,79721,271648,314170,327466,34065,10672,2863,20530,262942,201296,20817,40829,1364,2595,2722,1818,1441,3357,3496,1466,10126,44649,77581,96538,4396,12194,16723,12729,81275,1392704,0.02110283304995164,0.22106812008079682,0.6996934311597947,0.11469426646510016,0.050347222222222224,0.33458824296354245,0.12090371621621622,0.11871192341166231,0.05492760985521971,0.033896616564760965,0.018483874903412096,0.24687339386671237,0.21587036203459584,0.17290667194223255,0.10327580133849946,0.08028257662348125,0.27356156313412316,0.31638309978298196,0.3297727604594136
13,Illinois,2019,17,12770631,4846134,1480481,980994,1314462,8686299,937042,2254524,2484708,3010025,478649,138530,44236,295883,2362458,1788064,162376,412018,23985,30705,22219,16307,31451,51601,58856,11747,153601,440265,634675,973699,43385,108121,167786,118681,65886,12868747,-0.007624363117869959,0.20242816232485525,0.662618432793126,0.16847271151702486,0.07190409603684014,0.417972287085341,0.2141017946682671,0.13506132240154067,0.0651952353653099,0.033824330866167145,0.016471617343733272,0.42026564754930784,0.3230675799201112,0.25968708359439113,0.09006501671420247,0.10787586289626917,0.2595494352658134,0.2860490987012996,0.3465256031366178
14,Indiana,2019,18,6665703,2570419,795712,507786,730895,4430493,495390,1480084,1282863,1172156,275958,81172,25635,169151,1252676,941847,100452,210377,13228,18457,13656,6602,18630,29962,31970,5126,79519,331170,359636,416413,21338,66777,79082,47318,56303,6542411,0.018845040459855023,0.19754989361656602,0.6381530000804311,0.18052588127700941,0.0793455449019031,0.44568780169052086,0.20331199885793144,0.14262455928493645,0.05279054535261865,0.036582621647396674,0.015607011571693676,0.46612289831865494,0.30971996816175484,0.28788315383784174,0.09774235374876059,0.11181374172129377,0.33406756313575037,0.2895531039096552,0.2645655912333007
15,Iowa,2019,19,3139508,1265473,375451,253850,378557,2092785,165514,648398,681042,597831,95245,28432,9439,57374,616409,476973,48196,91240,3868,6698,6612,3226,5567,10749,12844,1968,30522,155013,204523,221945,6098,22171,35837,20710,60523,3078116,0.01994466745242862,0.2005969309499294,0.676120186122823,0.133836105748018,0.05625587400203797,0.3860605326550661,0.16377201353344323,0.1124745565571387,0.04141956947888517,0.03131645629573496,0.01432688934187795,0.47723960565795115,0.3265188335358445,0.26384010188780016,0.08678013934209367,0.07908791395198264,0.30982542401632274,0.32542377740666145,0.28566288462503314
16,Kansas,2019,20,2910652,1129227,355621,244581,327200,1902279,172126,492807,602276,635070,100856,33657,10350,56849,594390,465833,43033,85524,4608,6921,6570,3117,5643,9391,12005,2332,30642,109607,174339,235977,7027,17703,32942,22683,59597,2882946,0.009610308344311758,0.21659152677008253,0.6877574721402842,0.14506519994361708,0.06738273038499269,0.3992962148722019,0.19388194743644982,0.13072340425531914,0.0593934505011671,0.036316601164121186,0.013036713593816657,0.44538279400157854,0.34660810511552376,0.26709235321601,0.09322406556066361,0.09048409828421593,0.25906136796968265,0.31660760592951925,0.3338469278165821
17,Kentucky,2019,21,4449052,1734618,539217,341686,495334,3019093,414784,993098,880129,731082,225821,77426,21034,127361,753656,571687,57726,124243,16971,21112,13697,5100,16442,25763,27477,4075,62573,221210,237010,259347,15446,40655,53507,30376,50589,4383272,0.015007054091099148,0.19698054557256986,0.6336706743296299,0.23055263165954892,0.11927969398240368,0.506196244892768,0.267064499746064,0.21335361560897115,0.08712374443921723,0.054633496471977246,0.019285527912965547,0.5156171600602107,0.3878918365503327,0.3392892423194705,0.11828393950828714,0.13738695694369138,0.3289391880276626,0.29152099653770186,0.24215285849094415
18,Louisiana,2019,22,4664362,1739497,543625,308501,442513,3125153,461706,1061388,848474,753585,292529,59263,24805,208461,791314,558886,62654,169774,13138,15388,10945,3845,25208,38318,31275,5110,55520,209064,206976,236138,20346,54712,60130,39256,49469,4601049,0.013760557646745442,0.17735069390749164,0.5674886180731202,0.2698997917595076,0.09587170730681438,0.5511414861131307,0.2836186098629072,0.1913542485944828,0.06855808814356744,0.05022462268436727,0.016021968222749112,0.5533652368617465,0.41188863807373965,0.3421585252447897,0.11517828968128747,0.14773868671389848,0.33962753183604133,0.271498387438951,0.24113539401110923
19,Maine,2019,23,1335492,559921,141912,91535,180598,974117,71985,306589,285655,309888,35117,10899,4922,19296,208201,157661,17889,32651,1623,3988,2528,1566,1313,4744,5094,1089,9915,65290,81731,105492,2143,10712,14036,11522,57918,1328535,0.005236595196965066,0.16347841927700515,0.6450124020519759,0.1443255328417955,0.0646594684385382,0.37145552197431997,0.21577309192933233,0.14066562662506502,0.05756517220474032,0.030002729678728683,0.014627585047357507,0.37991898148148145,0.30693581780538304,0.2662833246210141,0.086353183728491,0.07389769401416874,0.3147352936043617,0.293245061938145,0.3181219504433246
20,Maryland,2019,24,6018848,2205204,708938,463969,594626,4139008,405463,1018653,1052168,1662724,155140,37513,15159,102468,1160936,848338,83539,229059,6014,8083,6040,7247,11396,19200,16957,4982,56906,177683,250778,545844,20055,61289,87852,82474,84805,5887776,0.022261716478344296,0.21039731471555467,0.6544563840561516,0.11788073029217158,0.042346850655471405,0.3090788985512492,0.15358973839388843,0.0955816910362365,0.043511729810621964,0.023518600721133254,0.01310272631447628,0.3623414199866459,0.23854191255948018,0.16178954097453463,0.056965788510794,0.09796139558077685,0.24611042066118258,0.25420777152399804,0.40172041223404253
21,Massachusetts,2019,25,6850553,2617497,761625,513405,718363,4781683,441944,1148525,1102149,2089065,172344,38042,12146,122156,1172596,894375,70638,207583,8883,9926,7985,8804,16180,24627,21970,6883,60959,210180,267487,657544,24467,61551,82357,77527,81215,6657291,0.029030126518429178,0.19614349128193842,0.6740915805022156,0.1281425193688938,0.04079934192534027,0.3704626992864053,0.146719172787012,0.1271870794078062,0.04509645352693702,0.028986612069466226,0.013212315486802692,0.398061357541762,0.28576898976536935,0.21058786316102254,0.0815424712711764,0.09242436188262584,0.24019262673832623,0.2304939495152648,0.4368890618637831
22,Michigan,2019,26,9965265,3935041,1127499,715123,1138333,6813480,626190,1967316,2234804,1985170,415329,125569,42109,247651,1710581,1287403,130759,292419,17540,26923,25322,13095,28251,46784,51831,8557,87184,391391,596099,695902,28272,91602,142417,77368,57144,9889024,0.00770965870848328,0.1817320327793281,0.6342559949055387,0.19536527886881383,0.08886871077416962,0.45855352083989115,0.24359048522572135,0.16748787288491654,0.064360743365032,0.04074854245350575,0.018469753750721088,0.4998142349132212,0.3380688797999798,0.2668290021004077,0.09958684899621763,0.09190457739657268,0.28873879427253035,0.32799744036821127,0.29135918796268573
23,Minnesota,2019,27,5563378,2185603,663922,461980,646721,3766900,258391,928450,1220892,1359167,149076,47978,14452,86646,1118224,869568,86645,162011,6919,8557,8434,5323,10194,12684,17784,3462,38866,201232,348388,490982,11217,34816,65713,41316,71306,5383661,0.033381930994540676,0.211374160815116,0.6958347516726362,0.11763276256608537,0.052289476494911426,0.3484559051223171,0.14295181855050101,0.15111936223654035,0.04078860188093751,0.023636434973179906,0.010725259668953567,0.47611041053664005,0.2670315789473684,0.21298968825227255,0.07731475278038323,0.06859513127505376,0.2464758820250073,0.3241105418248427,0.36081844487509623
24,Mississippi,2019,28,2984418,1104394,357403,199836,290932,1975670,306105,601355,633057,435153,198939,42443,14212,142284,500518,352907,32858,114753,8244,10467,9425,3132,16651,24617,27298,3804,41133,113301,159985,145081,15399,30656,47079,25519,45081,2984345,2.446097887465193e-05,0.1809462927179974,0.559133527138832,0.28441919946472766,0.1073555077779183,0.5535545466216926,0.3019332908434247,0.1669603256576949,0.0845695171611402,0.055634260079098045,0.021131749576622835,0.5195319812792512,0.4453711577081034,0.3670220632722481,0.12972751764826246,0.15493731240541184,0.3043802861813967,0.3204264882293095,0.22025591318388194
25,Missouri,2019,29,6104910,2414521,716422,460961,695803,4150049,418266,1270622,1248599,1212562,244460,75390,24934,144136,1098738,828346,82151,188241,11466,17829,15582,6960,15896,25945,28647,5891,62735,274063,340760,427369,18239,54599,80453,49663,55461,6028076,0.01274602377275924,0.19091198626974046,0.6434210563048036,0.18199848421453874,0.08342037940283445,0.4336521480126483,0.23284306859037213,0.15452621932318972,0.06108081071081085,0.04372765489333281,0.016024718588903804,0.46568038669986817,0.3221220699245133,0.2625756186984418,0.10604096914713612,0.10078579795081938,0.3061703608800764,0.30086367654936125,0.29218016461974305
26,Montana,2019,30,1050649,427871,113998,79428,132566,723295,46650,208541,236435,231669,33879,13342,4056,16481,187533,149732,14618,23183,1050,3320,3294,1705,1261,3526,3490,1078,7106,47252,66649,81618,1403,6157,9887,7022,54970,1006370,0.04399872810199024,0.18563539010589641,0.6967490657730837,0.15301338680830306,0.08181561744974675,0.4155153287615974,0.2172003855628146,0.1287395782246199,0.0656489757177885,0.047095492043521155,0.020462537354631976,0.4733483483483483,0.3641433440049571,0.260895567018016,0.1330864197530864,0.06449650557518025,0.28832080962816004,0.3268859870453964,0.3202966977512633
27,Nebraska,2019,31,1914571,759176,238337,164874,216272,1251026,107535,326594,417672,399225,62028,20309,5888,35831,399767,314814,27029,57924,3204,3859,3909,1875,3226,5615,7662,1573,18947,75219,124648,149485,4434,12537,21289,14374,61439,1855617,0.031770564723216044,0.217174937036998,0.6917683783885842,0.13431934083305364,0.0606016298493389,0.3821769505626367,0.17887413798341284,0.1446435826824974,0.04879991906725006,0.030406745645900263,0.012387684989429175,0.4211488250652741,0.30933230498016745,0.264654070671134,0.09863924249075061,0.08595744612821796,0.2610609211958824,0.33386356478602364,0.319118067889876
28,Nevada,2019,32,2972382,1098602,335663,204198,283865,2044695,272132,574254,692618,505691,118671,37515,12986,68170,547131,382501,57572,107058,6411,7013,7930,3648,9044,10753,10971,2468,43844,101179,167118,150920,13203,28623,44059,22224,60365,2761584,0.0763322788660421,0.18587077030626195,0.608342295695385,0.17823767426351977,0.08931802597996266,0.38903599881297507,0.18404716686980924,0.12756939607999204,0.06481994971901804,0.045301860061240345,0.023601262874592414,0.40652672270418483,0.2730851279967493,0.19936398328184626,0.09995140126356715,0.13309173250778233,0.280850689222598,0.3387390295374127,0.24731854873220702
29,New Hampshire,2019,33,1348124,532037,146514,101677,176704,960337,66206,263321,275073,355737,22242,5064,2905,14273,230852,179820,17075,33957,981,1459,1652,1280,1375,2946,3167,1182,10073,56459,79044,127433,2734,9613,14730,12008,76768,1321069,0.02047962672653747,0.19110888904343118,0.693974637236032,0.08788039226532435,0.027390147335626662,0.29593613933236573,0.1453953953953954,0.08874615523792292,0.025190786974688354,0.020471894517696043,0.009944605440009944,0.3346312971525919,0.2345728163070308,0.1769570319047885,0.08961334344200152,0.0689403823865997,0.2741964539531435,0.28643382479275503,0.37042933886750173
30,New Jersey,2019,34,8878503,3231874,1052166,736224,919921,6146379,625931,1670942,1408555,2440951,267653,86164,23148,158341,1665730,1293749,100295,271686,14417,18522,11404,14070,21468,31348,24052,8815,92360,319455,353628,832289,31053,95287,101982,100563,82545,8874374,0.0004652722546965027,0.22780096006218065,0.6997222871676142,0.13843765048104797,0.06244161769618809,0.36821176344741147,0.18751974595562323,0.13501971398334847,0.05480254573536069,0.03124109667097679,0.016624151217154895,0.40875078540012566,0.24754609705057842,0.19083739308440578,0.08059207518879483,0.1018373582234353,0.2718579508357685,0.22916826313509142,0.3971364278057048
31,New Mexico,2019,35,2092454,780249,233104,134366,205159,1403371,202250,371338,446264,383519,126767,43989,13912,68866,351981,243553,36239,72189,10001,7484,7146,2851,9362,10236,13060,2829,28198,66074,101604,116167,8808,17279,28167,18122,49754,2080085,0.0059463916138042805,0.17220912811166691,0.5764208250394673,0.2647885735292889,0.15298286858963211,0.48822090673850627,0.2774022452194373,0.2618131364695411,0.10174284238288153,0.06571034482758621,0.023954359844729368,0.5152449091909741,0.37201526440123567,0.3167826909549567,0.1350293542074364,0.14411727191170404,0.2646042992195221,0.3179943151169577,0.27328411375181616
32,New York,2019,36,19572319,7343234,2151245,1368024,1867697,13631937,1796594,3541274,3308262,4985807,775331,280915,59523,434893,3238268,2382907,224233,631128,57512,54458,35453,30151,75671,83313,72796,22484,241684,636999,767349,1412115,96256,204115,244087,232096,68486,19594330,-0.0011233351688983984,0.1862972091043265,0.6359219893596498,0.19317599989435916,0.10545561978240288,0.40795913026103614,0.20976825159644202,0.19222182114734154,0.07875833204378581,0.04416157408676112,0.02090529763580366,0.44013447567863107,0.289856938085364,0.22972516670190576,0.08831801398381649,0.13179300931334997,0.25977775572172906,0.2426846602944248,0.3657445746704962
33,North Carolina,2019,37,10264876,3965482,1221998,775934,1128057,6983859,853396,1791532,2156078,2182853,468284,135557,45904,286823,1781831,1324954,125325,331552,27811,27508,25262,12945,35505,45653,58085,10882,124281,366649,571650,747885,38534,85905,145741,95126,54602,9750405,0.05276406467218542,0.19567205197249665,0.6349715793315537,0.20811558520342294,0.09281477510268667,0.4638334344046897,0.26808542945412284,0.18285642900349788,0.06978944938184531,0.04232114616559895,0.017014313315720987,0.4795445643512203,0.34701804527280744,0.2849734577531816,0.10265262999018943,0.12219547960518676,0.2565246520584107,0.30872301402419494,0.31255685431220764
34,North Dakota,2019,38,756717,318322,88327,61715,90192,495068,36394,130842,179075,148757,18966,4516,2527,11923,152889,121291,11970,19628,793,1216,1354,794,651,2231,2606,503,6401,30844,54549,55956,1386,4464,7382,4927,64894,704925,0.07347164591977862,0.19387601233970633,0.6987104735811247,0.11036047831020337,0.035896253785560425,0.37789610471934326,0.1743119266055046,0.11023074784542675,0.037928883343730506,0.024220524837665243,0.013991189427312775,0.31958762886597936,0.3332337565347274,0.2609130957148578,0.09263351749539595,0.0735131335493306,0.2642909660895069,0.36171798621603496,0.30047791414512753
35,Ohio,2019,39,11655397,4676358,1369655,840126,1302738,7975777,767378,2634997,2318076,2255326,497473,120920,49503,327050,2047738,1516075,160702,370961,19078,30910,23019,10665,34053,64745,68391,8888,109365,559103,605398,785326,35187,124701,156788,93629,56602,11560380,0.00821919348671929,0.17965391015828985,0.6133851225308563,0.19545452223803841,0.07386705518343062,0.4685456246391532,0.23549867986013653,0.14853281222020662,0.05238867618171125,0.03663013572198079,0.013398392695394798,0.4918110918544194,0.34175965710545486,0.3037183751593177,0.08669781597198513,0.09621357267135228,0.330374959079222,0.2906395201370349,0.2827719481123908
36,Oklahoma,2019,40,3932870,1480061,480613,304930,411849,2592088,310453,812102,808024,661509,197855,63989,20305,113561,736658,553543,60474,122641,10546,14457,10965,4114,12377,20828,20849,3749,50835,169447,222410,234005,12054,35944,47666,28036,52919,3818851,0.02985688627286054,0.20602529220079444,0.6344605743082272,0.211719901167774,0.10362054112175563,0.48077916359726,0.2513648349199668,0.1718121242729835,0.07861166695667304,0.046984467059453666,0.017277075747840365,0.5066104539314805,0.3668709927429014,0.30429832883310226,0.11794871794871795,0.11976946770325698,0.31330032005086245,0.31172707099450325,0.2552031412513773
37,Oregon,2019,41,4129803,1611982,457051,307598,475743,2898950,269250,659085,994695,975920,134569,51260,13726,69583,709344,548128,53583,107633,8739,9564,11050,6036,8793,12667,16056,3779,44065,127845,258899,317143,10025,26402,52383,31658,62818,3900343,0.05883072334920292,0.19081974860761472,0.673005857114414,0.15945838018847913,0.08552056430892845,0.3926451336222463,0.2039251808822,0.16549882584652678,0.0696024277885728,0.04093365783907331,0.01867695611410395,0.4672653842066107,0.3242212495840692,0.23460307719282866,0.1066399525919237,0.092878455992687,0.22735300712326878,0.34312250987426485,0.3366460270097794
38,Pennsylvania,2019,42,12791530,5053106,1417760,915469,1493265,8954232,848910,3106571,2184466,2814285,447908,118736,44082,285090,2154263,1612247,159311,382705,19763,34707,19393,13262,30211,63598,47970,11510,128550,659649,577350,956060,38648,151124,142946,108209,61744,12758729,0.0025708673646096525,0.18116956184968216,0.6457150716623405,0.17212858032773404,0.06859455003313146,0.42691245067722877,0.21673312257550653,0.1332519738660805,0.04998444601904498,0.03249807706164966,0.013681728053216578,0.43873712949650734,0.29618762865472564,0.2512623352678665,0.09614179871198389,0.09480545065171418,0.34693885528094426,0.24395905757188333,0.31429663649545825
39,Rhode Island,2019,44,1057231,410489,116683,72581,110343,737200,82467,208387,194228,252118,33842,8757,2366,22719,169268,121772,12917,34579,1779,2139,1443,1165,3018,4663,4270,1175,11967,38638,45965,79828,4004,11355,14539,10112,67167,1053252,0.00377782335091692,0.17681594391079908,0.6220357721347582,0.16661907340849785,0.06708853971148174,0.39650598624733846,0.154812536805601,0.12941946748144914,0.05245604139588494,0.030437900776240298,0.014383959107577199,0.4297920820279123,0.2911100012485953,0.22701898027540007,0.10410206432178612,0.1118651654910472,0.28267362995116657,0.26346717308735756,0.34199403147042867
40,South Carolina,2019,45,5020806,1921862,565432,343626,562653,3446971,430491,1003177,1044024,969279,237269,59472,19200,158597,841593,612730,54601,174262,11799,14723,11023,5605,18092,29344,29044,4958,56919,193781,275845,336584,20550,53962,74185,41699,53199,4727273,0.062093515648451,0.17879847772628835,0.607722944580427,0.2199252545738009,0.08847340531566404,0.4764690154089269,0.26015907643527864,0.17170173753601675,0.07061255419560296,0.03842533848320482,0.016379836873774433,0.46819522799026964,0.3522435358797686,0.2813550455782774,0.10626486915146709,0.12488964949226437,0.29103145921448137,0.3028815734161964,0.2811973178770579
41,South Dakota,2019,46,870638,344397,103460,68894,102368,572393,47241,173079,186993,165080,35216,9366,4184,21666,172701,134156,12714,25831,1110,2072,1953,682,1926,3272,3715,627,6789,41792,55239,61625,1757,5681,9452,5643,58275,834708,0.043044992979580865,0.20004239293605924,0.6658998646820027,0.16937527955867004,0.06525828792798316,0.45615512558687915,0.2476032666587762,0.1405241169768325,0.04723691409812147,0.03414813260595888,0.010945800632352705,0.5229432527830573,0.3654640902490785,0.28214475582896636,0.1,0.08253245584764314,0.3023779116795628,0.32668638505362574,0.2884032474191683
42,Tennessee,2019,47,6709356,2597292,791295,498293,755903,4587393,575128,1472003,1286117,1254145,318611,98430,30316,189865,1154240,856285,84974,212981,18169,25400,15673,7723,23092,39441,32860,6017,87098,309147,352333,438653,25380,68966,84358,53487,53320,6451365,0.039990141621191855,0.19185097401447354,0.6297183730467145,0.21632262869767546,0.10309883054105151,0.471309135500911,0.2629542891837974,0.17259920012919527,0.07592356230963064,0.0425889795275077,0.017301557431403124,0.47639874566760193,0.3638233693396183,0.28033237216127216,0.10111925248722775,0.12537142555695577,0.3208800728431159,0.28035901872806623,0.2733894828718621
43,Texas,2019,48,28260856,9691647,3560763,2356009,2520399,18131554,2957959,4525099,5227820,5420676,1493875,547846,109703,836326,5733808,4325332,398998,1009478,123176,80128,64444,40019,122546,122352,115530,24370,519852,883158,1342312,1823319,138764,232739,348141,230821,61874,26092033,0.0831220395896326,0.24309686475374104,0.6616584703896328,0.20668795241849983,0.11242068317635842,0.45309577831665765,0.21565320296205434,0.1915561997300273,0.08318194181167379,0.0458103608585995,0.021477048179127996,0.4689678925414259,0.34456519596385154,0.2491637389442083,0.0954970982518976,0.1631387469601337,0.24957038982979618,0.28832718916426026,0.29896367404580987
44,Vermont,2019,50,624313,260029,65420,43205,79988,440460,32276,126832,113869,167483,13994,4051,1605,8338,99220,75267,8874,15079,706,1383,942,933,829,1823,1911,743,4931,27321,31783,55194,804,4285,6130,5936,61973,626358,-0.0032649060122166285,0.166154544300828,0.6604249464995414,0.12360662108926458,0.051072896442169495,0.3560661058205577,0.15316346979673634,0.12524392407308851,0.048181438127090304,0.02878533231474408,0.01662301566091186,0.5076546233925291,0.29846103470857893,0.23765700783484642,0.11124419823326845,0.07327793670253825,0.28795350315579166,0.25852290786904597,0.3802456522726241
45,Utah,2019,49,3096848,977313,398837,311452,284647,1824052,140800,416545,646202,620505,96308,46432,6915,42961,812301,699163,39117,74021,3441,5782,9559,6395,4428,6033,7815,2084,26678,93426,207377,243441,5842,17785,28221,17734,71621,2858111,0.08352964597945989,0.3186819371071499,0.7809004681110329,0.10599498794310865,0.062275095728914494,0.3672445333470106,0.1502215849843587,0.11424682094359043,0.058281590194339164,0.044063686986023524,0.025596791495220865,0.4311587147030185,0.2532958266856999,0.21686646686646688,0.10515692804521143,0.07719078184174574,0.22836245896498564,0.35426731255468596,0.3401794466385827
46,Virginia,2019,51,8454463,3151045,997666,683014,903480,5776886,595348,1383769,1557409,2240360,248044,68481,19275,160288,1580134,1218799,103614,257721,12431,15980,12750,10079,18505,27876,28880,7915,89179,268862,407525,769688,29137,67800,102175,84915,74222,8185131,0.032905032307974036,0.21675793268582327,0.6846118841375771,0.13567825452445004,0.05319821639425766,0.3834558586059152,0.1568488636086224,0.12234032083456353,0.05610127719928943,0.030337279162453157,0.012925655997240201,0.3884177826287729,0.29135833437852754,0.2203654954026935,0.08526338468167619,0.10305690643713586,0.23953545214497915,0.2695931683609474,0.3878144730569376
47,Washington,2019,53,7404107,2848396,870668,606778,823682,5101624,442449,1122330,1699233,1837612,210960,73623,21113,116224,1397052,1093517,105196,198339,11092,12123,15697,9831,14041,17638,25707,6417,70832,222931,460059,627895,18661,47272,91343,58012,73775,6899123,0.07319539019669596,0.21302445306059972,0.6969108776249959,0.13119305079812837,0.06307983618074953,0.3694776563041426,0.1671535678376046,0.13539377960060545,0.051575382678022925,0.03299380354635569,0.015415711449744875,0.4293621185248609,0.2717300878138962,0.21962409226826143,0.09959800710860016,0.08672708925628388,0.2199946526831456,0.33307687904871075,0.3602013790118598
48,West Virginia,2019,54,1817305,732585,201402,127998,228026,1287427,168624,519091,334314,265398,83516,28800,9375,45341,274493,209306,22567,42620,6215,10620,5573,1645,5410,12304,9894,1059,26260,119400,94133,92178,6523,19078,16815,10497,46711,1853881,-0.01972942168348457,0.17472102213395033,0.6355349003485566,0.23327905164395307,0.12095453285511495,0.515467082002251,0.29350072005509986,0.1913779830638953,0.08167974157821874,0.05589432932822498,0.01753301429287062,0.4533646191234392,0.3920718883436365,0.37043693137144784,0.09164070612668744,0.13097752338579197,0.40320033679579503,0.25967608260507197,0.20614605721334103
49,Wisconsin,2019,55,5790716,2358156,670004,442867,705977,3955705,308216,1211981,1244179,1191329,180557,52429,19863,108265,1069988,813233,87443,169312,7561,12123,10491,5853,9609,20618,23245,3879,50748,272425,358896,430747,13284,46706,68531,41025,61747,5724692,0.011533196895134212,0.18780224887581654,0.6609915761696945,0.14438264916496407,0.06056520905388015,0.39003591796150255,0.18510614504314762,0.12967123428630228,0.042604411206545116,0.02840110778127005,0.013405863490609253,0.4197352902633993,0.3062503713386014,0.25327972454672243,0.08638428647781934,0.07791683151296672,0.30638811539283134,0.31452775169028024,0.3011673014039217
50,Wyoming,2019,56,581024,230101,68479,47616,71737,390516,26688,113535,143438,106855,16211,6759,1479,7973,116888,92043,10085,14760,631,1329,1722,702,657,1573,2063,340,4623,27850,43435,39061,1024,3388,6564,2983,64049,575251,0.010035619234038728,0.20693521540540893,0.6953372566772296,0.12179655744971787,0.0684095463654582,0.35072361764835264,0.1278969214804566,0.12009897221164827,0.04554645464203708,0.03813362269415595,0.017654603525890905,0.3908387864366449,0.3170731707317073,0.2391329546771763,0.1023171832681312,0.06834034969117783,0.29073072550164397,0.36730377244466295,0.2736251523625152
51,Puerto Rico,2019,72,3318447,1192654,338547,144778,306500,2345959,550182,655680,533214,606883,365761,97364,46166,222231,276600,176302,27172,73126,48661,42722,23964,11285,39158,57538,46043,19333,42820,78610,79597,123619,17367,20603,27299,51243,20539,3638965,-0.08807944017048808,0.12139145133458656,0.4276452014048271,0.569401006599093,0.35577674976065715,0.7524148742030831,0.6294963047806049,0.5319246619516621,0.3521082649259882,0.2313998512953718,0.08365207851509221,0.6927554179566563,0.7363355984694334,0.6277848981484007,0.2739316481523464,0.23452328024488067,0.2794933756301794,0.2272904172664569,0.25869292685848305
