NAME,Year,state,Total_population,Households,HOUSEHOLDS BY PRESENCE OF PEOPLE UNDER 18 YEARS BY HOUSEHOLD TYPE Estimate!!Total:!!Households with one or more people under 18 years:,HOUSEHOLDS BY PRESENCE OF PEOPLE UNDER 18 YEARS BY HOUSEHOLD TYPE Estimate!!Total:!!Households with one or more people under 18 years:!!Family households:!!Married-couple family,HOUSEHOLDS BY PRESENCE OF PEOPLE UNDER 18 YEARS BY HOUSEHOLD TYPE Estimate!!Total:!!Households with no people under 18 years:!!Family households:!!Married-couple family,WOMEN 15 TO 50 YEARS WHO HAD A BIRTH IN THE PAST 12 MONTHS BY MARITAL STATUS AND AGE Estimate!!Total:!!Women who had a birth in the past 12 months:,WOMEN 15 TO 50 YEARS WHO HAD A BIRTH IN THE PAST 12 MONTHS BY MARITAL STATUS AND AGE Estimate!!Total:!!Women who did not have a birth in the past 12 months:,EDUCATIONAL ATTAINMENT AND EMPLOYMENT STATUS BY LANGUAGE SPOKEN AT HOME FOR THE POPULATION 25 YEARS AND OVER Estimate!!Total:,EDUCATIONAL ATTAINMENT AND EMPLOYMENT STATUS BY LANGUAGE SPOKEN AT HOME FOR THE POPULATION 25 YEARS AND OVER Estimate!!Total:!!Less than high school graduate:,EDUCATIONAL ATTAINMENT AND EMPLOYMENT STATUS BY LANGUAGE SPOKEN AT HOME FOR THE POPULATION 25 YEARS AND OVER Estimate!!Total:!!High school graduate (includes equivalency):,EDUCATIONAL ATTAINMENT AND EMPLOYMENT STATUS BY LANGUAGE SPOKEN AT HOME FOR THE POPULATION 25 YEARS AND OVER Estimate!!Total:!!Some college or associate's degree:,EDUCATIONAL ATTAINMENT AND EMPLOYMENT STATUS BY LANGUAGE SPOKEN AT HOME FOR THE POPULATION 25 YEARS AND OVER Estimate!!Total:!!Bachelor's degree or higher:,POVERTY STATUS IN THE PAST 12 MONTHS OF RELATED CHILDREN UNDER 18 YEARS BY FAMILY TYPE BY AGE OF RELATED CHILDREN UNDER 18 YEARS Estimate!!Total:!!Income in the past 12 months below poverty level:,POVERTY STATUS IN THE PAST 12 MONTHS OF RELATED CHILDREN UNDER 18 YEARS BY FAMILY TYPE BY AGE OF RELATED CHILDREN UNDER 18 YEARS Estimate!!Total:!!Income in the past 12 months below poverty level:!!In married-couple family:,"POVERTY STATUS IN THE PAST 12 MONTHS OF RELATED CHILDREN UNDER 18 YEARS BY FAMILY TYPE BY AGE OF RELATED CHILDREN UNDER 18 YEARS Estimate!!Total:!!Income in the past 12 months below poverty level:!!In other family:!!Male householder, no spouse present:","POVERTY STATUS IN THE PAST 12 MONTHS OF RELATED CHILDREN UNDER 18 YEARS BY FAMILY TYPE BY AGE OF RELATED CHILDREN UNDER 18 YEARS Estimate!!Total:!!Income in the past 12 months below poverty level:!!In other family:!!Female householder, no spouse present:",POVERTY STATUS IN THE PAST 12 MONTHS OF RELATED CHILDREN UNDER 18 YEARS BY FAMILY TYPE BY AGE OF RELATED CHILDREN UNDER 18 YEARS Estimate!!Total:!!Income in the past 12 months at or above poverty level:,POVERTY STATUS IN THE PAST 12 MONTHS OF RELATED CHILDREN UNDER 18 YEARS BY FAMILY TYPE BY AGE OF RELATED CHILDREN UNDER 18 YEARS Estimate!!Total:!!Income in the past 12 months at or above poverty level:!!In married-couple family:,"POVERTY STATUS IN THE PAST 12 MONTHS OF RELATED CHILDREN UNDER 18 YEARS BY FAMILY TYPE BY AGE OF RELATED CHILDREN UNDER 18 YEARS Estimate!!Total:!!Income in the past 12 months at or above poverty level:!!In other family:!!Male householder, no spouse present:","POVERTY STATUS IN THE PAST 12 MONTHS OF RELATED CHILDREN UNDER 18 YEARS BY FAMILY TYPE BY AGE OF RELATED CHILDREN UNDER 18 YEARS Estimate!!Total:!!Income in the past 12 months at or above poverty level:!!In other family:!!Female householder, no spouse present:",POVERTY STATUS IN THE PAST 12 MONTHS OF FAMILIES BY HOUSEHOLD TYPE BY EDUCATIONAL ATTAINMENT OF HOUSEHOLDER Estimate!!Total:!!Income in the past 12 months below poverty level:!!Married-couple family:!!Less than high school graduate,POVERTY STATUS IN THE PAST 12 MONTHS OF FAMILIES BY HOUSEHOLD TYPE BY EDUCATIONAL ATTAINMENT OF HOUSEHOLDER Estimate!!Total:!!Income in the past 12 months below poverty level:!!Married-couple family:!!High school graduate (includes equivalency),"POVERTY STATUS IN THE PAST 12 MONTHS OF FAMILIES BY HOUSEHOLD TYPE BY EDUCATIONAL ATTAINMENT OF HOUSEHOLDER Estimate!!Total:!!Income in the past 12 months below poverty level:!!Married-couple family:!!Some college, associate's degree",POVERTY STATUS IN THE PAST 12 MONTHS OF FAMILIES BY HOUSEHOLD TYPE BY EDUCATIONAL ATTAINMENT OF HOUSEHOLDER Estimate!!Total:!!Income in the past 12 months below poverty level:!!Married-couple family:!!Bachelor's degree or higher,"POVERTY STATUS IN THE PAST 12 MONTHS OF FAMILIES BY HOUSEHOLD TYPE BY EDUCATIONAL ATTAINMENT OF HOUSEHOLDER Estimate!!Total:!!Income in the past 12 months below poverty level:!!Other families:!!Female householder, no spouse present:!!Less than high school graduate","POVERTY STATUS IN THE PAST 12 MONTHS OF FAMILIES BY HOUSEHOLD TYPE BY EDUCATIONAL ATTAINMENT OF HOUSEHOLDER Estimate!!Total:!!Income in the past 12 months below poverty level:!!Other families:!!Female householder, no spouse present:!!High school graduate (includes equivalency)","POVERTY STATUS IN THE PAST 12 MONTHS OF FAMILIES BY HOUSEHOLD TYPE BY EDUCATIONAL ATTAINMENT OF HOUSEHOLDER Estimate!!Total:!!Income in the past 12 months below poverty level:!!Other families:!!Female householder, no spouse present:!!Some college, associate's degree","POVERTY STATUS IN THE PAST 12 MONTHS OF FAMILIES BY HOUSEHOLD TYPE BY EDUCATIONAL ATTAINMENT OF HOUSEHOLDER Estimate!!Total:!!Income in the past 12 months below poverty level:!!Other families:!!Female householder, no spouse present:!!Bachelor's degree or higher",POVERTY STATUS IN THE PAST 12 MONTHS OF FAMILIES BY HOUSEHOLD TYPE BY EDUCATIONAL ATTAINMENT OF HOUSEHOLDER Estimate!!Total:!!Income in the past 12 months at or above poverty level:!!Married-couple family:!!Less than high school graduate,POVERTY STATUS IN THE PAST 12 MONTHS OF FAMILIES BY HOUSEHOLD TYPE BY EDUCATIONAL ATTAINMENT OF HOUSEHOLDER Estimate!!Total:!!Income in the past 12 months at or above poverty level:!!Married-couple family:!!High school graduate (includes equivalency),"POVERTY STATUS IN THE PAST 12 MONTHS OF FAMILIES BY HOUSEHOLD TYPE BY EDUCATIONAL ATTAINMENT OF HOUSEHOLDER Estimate!!Total:!!Income in the past 12 months at or above poverty level:!!Married-couple family:!!Some college, associate's degree",POVERTY STATUS IN THE PAST 12 MONTHS OF FAMILIES BY HOUSEHOLD TYPE BY EDUCATIONAL ATTAINMENT OF HOUSEHOLDER Estimate!!Total:!!Income in the past 12 months at or above poverty level:!!Married-couple family:!!Bachelor's degree or higher,"POVERTY STATUS IN THE PAST 12 MONTHS OF FAMILIES BY HOUSEHOLD TYPE BY EDUCATIONAL ATTAINMENT OF HOUSEHOLDER Estimate!!Total:!!Income in the past 12 months at or above poverty level:!!Other families:!!Female householder, no spouse present:!!Less than high school graduate","POVERTY STATUS IN THE PAST 12 MONTHS OF FAMILIES BY HOUSEHOLD TYPE BY EDUCATIONAL ATTAINMENT OF HOUSEHOLDER Estimate!!Total:!!Income in the past 12 months at or above poverty level:!!Other families:!!Female householder, no spouse present:!!High school graduate (includes equivalency)","POVERTY STATUS IN THE PAST 12 MONTHS OF FAMILIES BY HOUSEHOLD TYPE BY EDUCATIONAL ATTAINMENT OF HOUSEHOLDER Estimate!!Total:!!Income in the past 12 months at or above poverty level:!!Other families:!!Female householder, no spouse present:!!Some college, associate's degree","POVERTY STATUS IN THE PAST 12 MONTHS OF FAMILIES BY HOUSEHOLD TYPE BY EDUCATIONAL ATTAINMENT OF HOUSEHOLDER Estimate!!Total:!!Income in the past 12 months at or above poverty level:!!Other families:!!Female householder, no spouse present:!!Bachelor's degree or higher",Median_household_income,Median House Value,population_2016,5_year_population_growth,Married_couple_households_with_one_or_more_children_as_proportion_of_all_households,Married_couple_households_with_one_or_more_children_as_proportion_of_all_households_with_one_or_more_children,Proportion_of_children_below_poverty_level,Proportion_of_children_in_married_couple_families_below_poverty_level,Proportion_of_children_in_female_householder_families_below_poverty_level,Proportion_of_children_in_male_householder_families_below_poverty_level,Proportion_of_married-couple_families_below_the_poverty_level_where_householder_did_not_graduate_high_school,Proportion_of_married-couple_families_below_the_poverty_level_where_householder's_highest_education_=_high_school_graduate/equivalent,Proportion_of_married-couple_families_below_the_poverty_level_where_householder's_highest_education_=_some_college_or_associate's_degree,Proportion_of_married-couple_families_below_the_poverty_level_where_householder's_highest_education_level_=_bachelor's_degree_or_higher,Proportion_of_female-householder_families_below_the_poverty_level_where_householder_did_not_graduate_high_school,Proportion_of_female-householder_families_below_the_poverty_level_where_householder's_highest_education_=_high_school_graduate/equivalent,Proportion_of_female-householder_families_below_the_poverty_level_where_householder's_highest_education_=_some_college_or_associate's_degree,Proportion_of_female-householder_families_below_the_poverty_level_where_householder's_highest_education_level_=_bachelor's_degree_or_higher,Proportion_of_individuals_25+y/o_who_did_not_graduate_high_school,Proportion_of_individuals_25+y/o_whose_highest_education_level_=_high_school_graduate/equivalent,Proportion_of_individuals_25+_y/o_whose_highest_education_level_=_some_college/associate's_degree,Proportion_of_individuals_25+_y/o_whose_highest_education_level_=_bachelor's_degree_or_higher,Median_income_as_proportion_of_median_home_value,Proportion_of_women_15_to_50_y/o_who_gave_birth_in_past_year
Alabama,2021,1,4997675,1902983,560352,348633,546370,58514,1104901,3413803,430047,1041209,1032122,910425,242038,57686,18753,165599,858303,636982,57319,164002,12110,15629,12442,5133,19107,30324,28653,5617,56278,208851,268491,316069,17713,50598,69704,42695,54943,157100,4841164,0.032329208430038836,0.18320342325706535,0.6221678516361144,0.21996635588422134,0.08304110740670363,0.5024226261449449,0.24651645809233358,0.1770778499151898,0.06962312900926586,0.044288139876767774,0.015980597879216196,0.5189299293862032,0.37473122265885667,0.2913163272568297,0.11626511011756914,0.12597299844191362,0.304999731970474,0.302337891202275,0.2666893783853374,0.34973265436028006,0.050295036594852224
Alaska,2021,2,735951,260561,88146,59909,69970,10413,159517,484382,32669,137873,165649,148191,22470,8395,2616,11459,155457,119372,12709,23376,566,1858,1637,541,840,2525,1932,360,4320,24771,46703,49483,1218,5495,9011,5065,80287,282800,736855,-0.0012268356732328956,0.22992312740586657,0.6796564790234384,0.1262877472221754,0.06570554211963965,0.3289507679058418,0.1707014681892333,0.11584117887842817,0.06977355514664464,0.03386429458005792,0.010814808891731968,0.40816326530612246,0.31483790523690774,0.176551219957964,0.0663594470046083,0.06744470273461854,0.28463691879549613,0.34198009009418184,0.30593828837570347,0.2839002828854314,0.061278173365503445
Arizona,2021,4,7079203,2683557,818733,512219,757947,88808,1528636,4792007,560460,1125498,1610633,1495416,290849,100389,33533,156927,1287357,923124,118988,245245,18443,17561,21256,11022,21611,21870,27692,6479,89406,206512,410997,494969,28138,56097,101572,62093,65913,265600,6728577,0.05210997808303297,0.19087315827463325,0.6256239824216198,0.1842908973860193,0.09808277960319019,0.3901987209452672,0.2198582490280027,0.17100761249524798,0.07837178062506416,0.049174904511940926,0.021782996140247556,0.4344006914711854,0.2805032898533995,0.21422824607005816,0.09448462929475587,0.11695725820100013,0.23486985724353074,0.3361082318953207,0.31206465266014843,0.2481664156626506,0.05490638315762401
Arkansas,2021,5,3006309,1158460,362428,226713,326603,37634,652699,2021290,248721,688732,592568,491269,148923,45823,12998,90102,540990,398634,37809,104547,7259,12628,8320,3641,8807,17548,17587,2751,40942,143614,162903,174009,11063,30752,39293,23621,52123,142100,2968472,0.012746288326115351,0.19570205272516963,0.6255394174843003,0.215857651616943,0.10309883745784182,0.462894749009756,0.2558308894443679,0.1505985353000975,0.08082333815491353,0.04859160276364741,0.0204953560371517,0.4432310015098138,0.3633126293995859,0.30919479606188466,0.10431518276960412,0.12305062608532175,0.3407388351003567,0.2931632769172162,0.24304726189710532,0.36680506685432795,0.05451571922535935
California,2021,6,39455353,13217586,4462011,3030853,3508592,461770,9115087,26797070,4236035,5477154,7632443,9451438,1395761,548886,140107,706768,7417227,5559120,613209,1244898,123338,80829,76673,61007,111633,92597,115126,38808,720130,931028,1748928,2797512,200554,275209,492019,383829,84097,573200,38654206,0.020725998097076426,0.22930457952004246,0.6792571779854419,0.15837545676903225,0.0898633694858846,0.362135734290601,0.18598702271025705,0.14622724276439653,0.07988184101113102,0.04199877191127744,0.021342170543557696,0.3575837558898993,0.25175500127784756,0.18961862487544162,0.09182347972373456,0.1580782899025901,0.20439376394508801,0.28482378857091467,0.3527041575814072,0.14671493370551292,0.04821728047103554
Colorado,2021,8,5723176,2227932,666878,475845,628523,67425,1316694,3937040,300620,810976,1139275,1686169,136977,48712,12800,75465,1103054,861487,81950,159617,8058,8290,10530,8198,8496,12059,14638,5097,53432,158639,300768,556453,13748,35548,58363,55021,80184,397500,5359295,0.06789717677418383,0.21358147376131767,0.7135413074055524,0.11046256101661975,0.05351796695008454,0.32101564560451246,0.13509234828496042,0.13104569848755895,0.04966183227599758,0.03382610874467552,0.014518702703085622,0.38194569322064376,0.2533030856806772,0.20051780112601197,0.08478325958947404,0.07635685692804747,0.20598622315241907,0.2893734887123321,0.42828343120720136,0.20172075471698114,0.04871329705032588
Connecticut,2021,9,3605330,1397324,411169,270122,396404,35148,787350,2515137,225021,656949,613201,1019966,94923,23517,8469,62937,637688,470262,45031,122395,4131,5222,4367,4920,8779,12650,11520,3437,30525,123021,152512,341828,12299,39055,45682,43242,83572,286700,3588570,0.004670384024834329,0.1933137912180711,0.6569610063015451,0.12956807910337137,0.04762656978121791,0.33959057259404746,0.15829906542056074,0.11920013850415513,0.04071957143859704,0.02783674041777421,0.0141889787396034,0.41650061675680805,0.24465718982690263,0.20139155973567358,0.07363054050001071,0.08946669704274558,0.2611980977576967,0.24380421424359786,0.40553099095595985,0.2914963376351587,0.04273323460968902
Delaware,2021,10,981892,381097,105611,64271,117210,9827,208215,690618,61788,209928,186528,232374,34320,9703,2739,21878,167851,117386,14857,35608,1491,2187,1911,1213,1665,4226,3397,774,8985,39479,47811,78404,2400,10880,12540,11450,72724,269700,934695,0.050494546349343805,0.1686473522489025,0.6085635019079452,0.16975728467485446,0.07634807103683246,0.38057961938558954,0.15566037735849056,0.14232531500572737,0.05248883982143714,0.03843369132376011,0.015235439667407714,0.4095940959409594,0.2797563881901231,0.21315178515404404,0.06331806282722513,0.08946769415219412,0.3039712257717001,0.27008852940409894,0.3364725506720068,0.2696477567667779,0.045069298575503805
District of Columbia,2021,11,683154,310104,62069,31755,48195,8375,197394,487726,37934,75562,74761,299469,27761,3142,1729,22890,95127,58035,6257,30835,570,743,699,485,2939,4686,2869,705,3266,4929,7069,62189,2840,7750,8814,9687,93547,635900,659009,0.03663834636552754,0.10240112994350282,0.5116080491066394,0.2259048890046221,0.051359170930251566,0.4260586319218241,0.21650388179313798,0.14859228362878,0.13099435825105782,0.08998455200823893,0.007738456138111497,0.5085654957605122,0.3768092634287552,0.2455704870324403,0.06784064665127021,0.07777727658562389,0.1549271517204332,0.15328483615800675,0.6140107355359362,0.14710960842899826,0.040700980225398385
Florida,2021,12,21339762,8157420,2196679,1357347,2458358,227983,4463810,15349290,1682505,4282929,4543900,4839956,744686,236289,68912,439485,3428536,2404860,286511,737165,43113,65547,55091,45495,50449,82131,73915,25721,228902,756977,1108886,1511694,77593,212695,294277,227982,61777,248700,19934451,0.07049659907865036,0.16639415403399604,0.6179086703155081,0.1784438977844936,0.08946447171287951,0.3735052904432074,0.1938872836029182,0.15849493594103267,0.07969007591267853,0.04732997301493071,0.02921610671536981,0.39400353009168865,0.2785744812194311,0.20075123848426907,0.10138232500206935,0.10961451637176703,0.2790310822194382,0.29603323671648657,0.31532116469230825,0.24839967832730198,0.0485918709542386
Georgia,2021,13,10625615,3885371,1274206,794739,1033589,132163,2488300,7075856,831989,1925348,1983294,2335225,479265,135447,36904,306914,2005506,1435841,136363,433302,23783,29918,23049,13980,32567,51326,52883,13079,115934,363041,494276,764347,40553,107730,156247,125404,65030,206700,10099320,0.052111924367185036,0.20454648989761853,0.6237131201705218,0.19288095361705365,0.08620125654876763,0.4146276222075718,0.21298920163678023,0.17022266438586572,0.07613516931791867,0.04455419707147344,0.017961602257148986,0.4453911378555799,0.32269137913690776,0.2528714196911012,0.09444480549959201,0.11758139227253918,0.2721010715876637,0.280290328124258,0.33002720801553903,0.3146105466860184,0.05043498038323762
Hawaii,2021,15,1453498,478413,149671,102413,141729,18827,301980,1020422,74468,273929,321607,350418,34767,10729,3913,20125,267265,200841,22584,43840,1338,2901,2644,1837,1432,4008,3257,1410,9817,44095,79051,102459,4178,13268,17319,14478,88005,662100,1413673,0.028171295624942916,0.21406817958542096,0.6842541307267272,0.11511031943635111,0.05071134848986151,0.3146251856484015,0.14767709552024758,0.11994621246077992,0.061728657758107076,0.032364281779790685,0.01761333128787298,0.2552584670231729,0.2319981477193795,0.15829121306376362,0.08874622356495468,0.07297765042306026,0.2684467798616651,0.31517058628684996,0.34340498342842474,0.13291798821930223,0.05868637529729713
Idaho,2021,16,1811617,657101,212709,154761,206858,23634,389004,1185197,104683,314521,420711,345282,59300,25551,5930,27819,390872,319031,27439,44402,2295,4827,5941,3374,2484,4896,5551,1121,19291,69954,126971,128966,4263,10345,17767,10920,63377,266500,1635483,0.10769540252023413,0.23552087122071036,0.7275714708827553,0.13172742862728024,0.07415071013575869,0.3851926724913806,0.17770985046000778,0.10631891040489205,0.06454848156617322,0.044698748043818466,0.025494937282756536,0.3681636282792352,0.32123876386063904,0.23805643708722876,0.09309857985217175,0.08832540075616122,0.2653744482984685,0.35497136762917897,0.29132878331619133,0.237812382739212,0.05727538423509226
Illinois,2021,17,12821813,4930255,1470835,971553,1334780,153901,2867515,8764878,885321,2226182,2483806,3169569,440502,126443,40662,273397,2394417,1794444,169114,430859,20429,28515,21991,16930,27020,48660,54780,12200,144357,429565,626458,1018088,41492,108760,169982,131714,72563,212600,12851684,-0.002324286840541645,0.19705938130989167,0.6605452005153535,0.15538433373228652,0.06582531924053836,0.38820684523809523,0.1938353291129586,0.12397291032005146,0.0622489521480964,0.033913229876212314,0.016357203449601843,0.39438346567024757,0.30910938889594713,0.24372447299810465,0.08477285045235348,0.10100779497444232,0.2539889317341325,0.28338169681312164,0.3616215764783035,0.3413123236124177,0.05093671311729335
Indiana,2021,18,6751340,2622601,802098,513016,745368,82749,1481355,4501214,460480,1485995,1301440,1253299,253572,71047,25187,157338,1293682,968303,102961,222418,10508,16394,12179,7185,16336,29819,30337,5082,76387,323645,364498,447588,19760,67191,81307,49956,61944,158500,6589578,0.024548157712072083,0.19561343871980527,0.6395926682275732,0.1638851798088743,0.06835714629335643,0.4143134012365835,0.19654618097824392,0.12092755624604408,0.04821211684542067,0.032332741314176336,0.015799090975057887,0.4525709219858156,0.3073806824038759,0.27172978395614633,0.09233620407718304,0.10230129027413494,0.33013204882060704,0.2891308878004912,0.27843577310476686,0.39081388012618296,0.052905049792085435
Iowa,2021,19,3179090,1275893,373278,251916,377865,40138,668608,2119884,152380,648873,688911,629720,91559,26460,9837,55262,633492,487549,49668,96275,3294,7408,6187,3237,4216,9991,12650,2853,26378,148816,202183,232278,5932,22053,37187,21004,65429,160700,3106589,0.02333781520503675,0.1974428890196905,0.6748750261199428,0.1262793927599576,0.051477697861321496,0.36467661363231424,0.1653138391731787,0.11101375033701806,0.0474190905366653,0.029692374142150983,0.013744347493790204,0.41545132045723293,0.3117900386967919,0.2538274775769007,0.1195875424403739,0.07188129161784323,0.3060889180728757,0.3249758005626723,0.2970539897466088,0.4071499688861232,0.0566324183840191
Kansas,2021,20,2932099,1139738,351066,240755,331177,40014,623715,1921951,161293,493339,606084,661235,95563,30832,9779,54952,602128,468229,42974,90925,4606,6942,6518,3514,5179,9161,11458,2451,28972,106949,173271,241160,6266,18544,34169,23994,64521,164800,2898292,0.01166445616935774,0.2112371439751943,0.6857827303128187,0.1369703780040161,0.061780022882974225,0.3767009192676022,0.18537334369609312,0.13717314908571088,0.060953016480670114,0.03625360839650924,0.014361967352477174,0.45251201397990387,0.33066233531853456,0.25112323843338374,0.09268292682926829,0.08392149435651586,0.25668656484998836,0.3153483101286141,0.3440436306648817,0.3915109223300971,0.0602866531370484
Kentucky,2021,21,4494141,1748475,536083,339931,494743,52740,974174,3053564,376963,1000507,891024,785070,208618,71373,20034,117211,783574,591866,61364,130344,14412,19305,12533,4944,14058,23923,25499,4652,53584,213322,239361,277213,13682,41217,54323,34393,55454,155100,4411989,0.018620173350386793,0.19441570511445688,0.6341014357851303,0.21025970779849062,0.10761279116577885,0.4734745814061522,0.2461239833902553,0.21195364433201952,0.0829869275707463,0.049755055698031715,0.017522159648706216,0.5067772170151406,0.36725514276941973,0.3194482724061036,0.11914457677039314,0.12345017166825388,0.3276522123001188,0.29179804320459635,0.257099572827031,0.35753707285622177,0.0513577573195029
Louisiana,2021,22,4657305,1748688,539373,306675,447374,58744,1034434,3133855,431595,1036204,865973,800083,281159,56338,24751,200070,801342,562708,62751,175883,11101,15782,12227,4437,22292,35930,30491,6291,50605,197811,209033,253053,20613,53485,60351,42747,53571,174000,4645670,0.0025044826688076505,0.1753743377892454,0.5685768475618913,0.25973093789289803,0.09100777648187695,0.5321675847778845,0.2828621060090055,0.17990146825268208,0.07388818921968417,0.055260779173822654,0.017231737154840963,0.5195664840927631,0.4018341441592574,0.3356487087470553,0.1282882662425058,0.13772015616548947,0.330648354821777,0.2763283559705219,0.2553031330422116,0.3078793103448276,0.05373690286485824
Maine,2021,23,1357046,571064,141348,93422,181862,14208,273600,994900,62607,307382,290461,334450,32692,9947,4082,18663,213299,163222,17086,32991,1205,3371,2403,1820,1415,4123,4333,1339,8581,64975,80646,112283,1615,11122,13582,12797,63182,212100,1329923,0.020394413811927414,0.1635928722524971,0.6609361292696041,0.13289917110788607,0.05744099694518072,0.3613079335579045,0.19283824640967498,0.12313509094624975,0.04932256459778187,0.028934725282664452,0.01595050086325513,0.466996699669967,0.2704493276484093,0.24186435947530002,0.09472269383135258,0.06292793245552317,0.30895768418936576,0.2919499447180621,0.3361644386370489,0.2978877887788779,0.049366244162775186
Maryland,2021,24,6148545,2294270,721439,470459,616674,75070,1377866,4240795,391353,1014292,1072668,1762482,156502,43493,13137,99872,1190479,863288,87524,239667,6556,8792,6662,8825,10645,20118,17715,5213,55407,174579,253020,573292,19519,61962,94702,91026,91431,338500,5959902,0.03165203051996501,0.20505825382365633,0.6521119595696934,0.11618723649405596,0.047964172165054185,0.2941399957000521,0.1305073464400314,0.10580507722350435,0.04794651280736867,0.025654454294098166,0.01516018257498063,0.3529041241214693,0.24510233918128654,0.1575829278489908,0.05416722950155342,0.09228293279915677,0.23917496601462698,0.25294030954101765,0.4156017916451986,0.27010635155096013,0.05166779541562739
Massachusetts,2021,25,6991852,2714448,779995,526803,741802,75648,1610381,4902868,433215,1137085,1116219,2216349,160454,37400,12881,110173,1201853,910312,75859,215682,8505,10839,8308,9653,13406,21708,21586,7157,63142,207486,268172,692500,25089,63652,87256,82722,89026,424700,6742143,0.03703703703703698,0.19407371222436384,0.6753927909794294,0.11778108752285645,0.03946346569421934,0.3381043715763146,0.14515438359251748,0.11870699401231036,0.049646169701133634,0.030049189814814813,0.01374771595364543,0.34825301987271073,0.254311152764761,0.19832417632899066,0.07962927936447892,0.08835950712929656,0.23192241765431987,0.22766654129786892,0.45205153391851466,0.20962090887685425,0.044867555658888426
Michigan,2021,26,10062512,3976729,1117368,714447,1146767,117552,2153283,6923132,582901,1971279,2249290,2119662,381403,115846,41356,224201,1759293,1309996,138699,310598,15142,25378,23047,12412,22578,43162,45976,9326,79557,377195,592882,735601,25759,90732,143775,85592,63202,172100,9909600,0.015430693468959422,0.17965694921630315,0.6394017011405374,0.1781677547862938,0.08124743134232264,0.4192247928661048,0.22968537391352642,0.15989609182779121,0.06303949842637235,0.03741827385948705,0.016593294501566148,0.4670955996441649,0.32235947839335594,0.2422964832859906,0.09825322910301523,0.08419614128403156,0.28473803475074577,0.32489485972533816,0.3061709642398845,0.36723997675769904,0.051765980355243775
Minnesota,2021,27,5670472,2229100,665077,461287,653761,73901,1211617,3847501,247610,919096,1235333,1445462,140634,45796,15140,79698,1152411,886268,87688,178455,6275,8143,8712,5432,8647,12035,16486,3616,36128,192620,341860,515878,12463,34793,67596,47203,77706,250200,5450868,0.04028789543243394,0.2069386748014894,0.6935843518870747,0.10876187603679686,0.049133965049610324,0.30872389629405816,0.14723616135682888,0.14798481239534939,0.040560262598187916,0.024850815239094964,0.01041990370412998,0.40961629559450496,0.25700435636798497,0.19607050260460027,0.07115448946260257,0.06435605864689833,0.2388812894395609,0.3210741205785262,0.3756885313350146,0.3105755395683453,0.05748733195490067
Mississippi,2021,28,2967023,1108670,354436,201440,292133,38201,660271,1974105,283522,588217,643438,458928,185503,36609,13644,135250,504836,357145,33389,114302,7108,9096,9626,3286,14925,23234,25095,4055,36902,110756,163896,152903,14341,29644,48159,27717,49111,133000,2989192,-0.007416385431247008,0.18169518431995094,0.5683395591869901,0.26871290771635387,0.09297429359447777,0.5419712124126435,0.29009418918631596,0.1615087480118155,0.0758936021092681,0.055474233814732425,0.021038613474700523,0.5099774482334449,0.4393887817239684,0.34257514947989187,0.12762810021402493,0.14362052677035922,0.2979664202258745,0.32593909645130326,0.232473956552463,0.36925563909774434,0.05469224249504633
Missouri,2021,29,6141534,2433819,710415,460666,700281,77895,1321915,4187819,377539,1276601,1248480,1285199,222499,69561,22332,130606,1130382,849422,86804,194156,9632,16432,13816,7422,13545,25025,25371,5416,55162,264643,341946,451894,16559,55993,78231,52014,61043,171800,6059651,0.013512824418435931,0.18927701690224294,0.6484463306658784,0.16446309764125597,0.07569345678864571,0.4021591196014312,0.20462542149244978,0.14865573972898724,0.058461264786978565,0.038834951456310676,0.016158810056692997,0.4499402072814244,0.3088819768446518,0.24488909480511958,0.09430611178826398,0.09015169948844494,0.30483671811030993,0.2981217669627078,0.30688981543853733,0.355314318975553,0.05564683778512798
Montana,2021,30,1077978,436481,114178,78332,136118,12418,220202,746462,42160,207496,245580,251226,33245,12690,3997,16558,192478,150979,15530,25969,805,2940,3453,1724,982,3254,3491,888,5891,45258,68622,85757,1084,6306,10236,8077,60560,263700,1023391,0.05333933950953251,0.17946256538085278,0.6860516036364274,0.14728228846860975,0.07753453616750881,0.38935264655395396,0.20469094074870692,0.120221027479092,0.0609983816755882,0.047908428720083246,0.01970713640676261,0.4753146176185866,0.3403765690376569,0.2543163109200845,0.09905186837702175,0.056479767221908145,0.2779726228528713,0.3289919647617695,0.33655564516345104,0.22965491088357984,0.0533832000687817
Nebraska,2021,31,1951480,766887,237877,163221,219622,26915,415892,1275315,105606,326345,423189,420175,55041,17962,4920,32159,419055,325951,31082,62022,2882,3366,4023,2098,2702,5399,6631,1224,18413,71760,124725,155576,4328,12645,22016,15555,66644,174100,1881259,0.037326598836204816,0.21283578936662115,0.6861571316268492,0.1160967399007796,0.052228325186893194,0.3414595300538325,0.13665907449586134,0.1353369335524771,0.044804728056864467,0.03124708733339547,0.013305935030505981,0.38435277382645805,0.2992130348038129,0.23147275456417776,0.0729483282674772,0.08280777690217711,0.255893641962966,0.3318309594100281,0.32946762172482874,0.3827914991384262,0.060782688620550265
Nevada,2021,32,3059238,1141952,346803,209216,297180,36426,679378,2116718,274760,587588,702767,551603,116260,37750,12669,65841,562681,387376,60145,115160,6494,6850,7998,4245,8215,10574,11122,2670,44582,101943,170669,163615,13767,31192,45203,25341,65686,315900,2839172,0.0775106263375378,0.18320910160847392,0.603270444603997,0.17123726509372686,0.08879720365256417,0.36376042121314245,0.17399126541599144,0.12714386404573577,0.06296360979107112,0.04476484185663833,0.025288931252234005,0.37371485761077244,0.2531724369104056,0.1974611628939192,0.09531969583377958,0.1298047259956215,0.27759389772279536,0.33200785366780083,0.26059352261378227,0.20793289015511238,0.05088823197411582
New Hampshire,2021,33,1372175,540498,146414,102118,179824,14048,287763,986106,62809,269342,276920,377035,22436,4342,3654,14440,231441,179854,18029,33558,878,1556,1877,1586,1188,2520,3202,1163,8872,55108,78764,133301,2314,9661,13593,12387,83449,288700,1327503,0.03365114805766911,0.18893316904040347,0.6974606253500348,0.08837350370454984,0.023572716019891856,0.3008458685778574,0.1685191163584375,0.09005128205128204,0.02746011577015389,0.02327600104165375,0.01175799002127707,0.33923472301541974,0.20687956653805106,0.19065197975587972,0.08583025830258302,0.06369396393491167,0.2731369649915932,0.28082173721689146,0.38234733385660363,0.28905091790786286,0.04654568587626031
New Jersey,2021,34,9234024,3397156,1089738,763304,959991,106279,2010289,6411606,608877,1693560,1448316,2660853,266840,86644,25043,155153,1741093,1352314,108501,280278,13874,18846,12706,14104,21353,32190,24090,9857,90507,316230,362366,894662,30213,99676,104960,113929,89703,355700,8915456,0.035732103887899935,0.2246891223128994,0.7004472634706691,0.13289288038993333,0.0602130152513138,0.3563205192097026,0.18752620859042712,0.13291691016564317,0.05624395659492175,0.03387616244347752,0.015519946828996684,0.414090679905364,0.24411144646838456,0.18667183262301434,0.07962936034769683,0.09496481848697502,0.264139749073789,0.225889738078104,0.415005694361132,0.2521872364351982,0.050212891813539655
New Mexico,2021,35,2109366,797596,230934,130506,209236,25825,447065,1426639,188715,371398,459485,407041,114796,37186,15123,62487,360143,241269,41002,77872,8692,7630,7594,2648,8070,9301,12344,2668,25705,61906,103353,122214,7983,16985,29720,21304,54020,184800,2082669,0.012818647610350009,0.16362419069303255,0.5651225025331913,0.241706829719185,0.1335440196800201,0.445194109390919,0.2694521158129176,0.2526964560862866,0.10972733548090198,0.06844709636132568,0.021207412983934262,0.5027097738740423,0.35383854523320396,0.2934575884366679,0.11129651259803104,0.13227943439090056,0.2603307494047198,0.32207517108392525,0.28531464512045446,0.2923160173160173,0.05461100890270464
New York,2021,36,20114745,7530150,2154604,1376040,1917385,224967,4549861,14081080,1769657,3553598,3391113,5366712,744332,273942,59283,411107,3376124,2475605,232429,668090,51639,51757,36171,33569,66303,80593,69331,26217,237201,618778,769681,1494629,94991,206307,252939,254631,75157,340600,19697457,0.021184866655629797,0.18273739566940897,0.6386510003694414,0.18064311328649063,0.09963168478298425,0.38093786398590807,0.2032244131197894,0.17878063980058165,0.0771876188416712,0.044885413202424264,0.02196639440700747,0.41106922762161024,0.28090972464273267,0.21513327334222856,0.09334942744829944,0.12567622653944158,0.2523668639053254,0.24082762117678475,0.3811292883784482,0.22066059894304169,0.04711520498748856
North Carolina,2021,37,10367022,4034684,1212222,771013,1151683,124231,2331437,7084876,776686,1787594,2181433,2339163,427804,125689,39811,262304,1826368,1350060,132622,343686,23423,26886,24661,13835,28440,44413,54692,11228,112814,350932,576840,793305,34500,87101,147751,105361,60516,197500,9940828,0.0428730886401012,0.1910962543782859,0.6360328388694481,0.18978321086412217,0.08516963250525665,0.43285202726117594,0.23087808018186773,0.17192833077651445,0.07116124694958949,0.04099910058337393,0.01714076863988899,0.451858913250715,0.3377054914305701,0.2701599956530974,0.09630411102248068,0.10962591300115909,0.25231126134035375,0.3078999547769079,0.3301628708815793,0.3064101265822785,0.050589493367996
North Dakota,2021,38,773344,316542,88184,61533,88815,11411,162789,503897,33831,131400,182014,156652,19605,5458,2329,11818,161352,126311,12986,22055,864,1651,1304,950,744,1931,2341,875,5448,29721,54062,56348,1333,4312,7168,5564,68131,209900,736162,0.05050790451014864,0.19439126561404174,0.6977796425655448,0.10834065551484606,0.04142097154869506,0.348891447465533,0.15207313091740124,0.13688212927756654,0.05262654596455438,0.023552360654553336,0.016579985339802435,0.3582089552238806,0.3093064231939773,0.24618782206330844,0.1358906662525237,0.06713872081000681,0.2607675775009575,0.36121270815265816,0.3108809935363775,0.32458789899952356,0.06550516647531573
Ohio,2021,39,11769923,4754161,1370178,843150,1311704,146441,2519012,8077453,715751,2636855,2326518,2398329,468751,112869,43805,312077,2099758,1543403,171560,384795,17516,28637,21220,10955,30776,63746,60961,10088,100971,538695,606231,830629,31810,124973,159894,99451,61938,159900,11586941,0.015792088697094364,0.17734990464142886,0.6153580045804268,0.18249926319121326,0.06814641556459325,0.44782542561618205,0.20339888096951686,0.14783056369053146,0.05047661686631461,0.03381937394314456,0.013017120097340254,0.491739366631515,0.33778262920002755,0.2760227298453737,0.09209505290353208,0.08861097675220146,0.32644634391558824,0.28802618845321665,0.2969164908789937,0.3873545966228893,0.054940379740329316
Oklahoma,2021,40,3948136,1503868,480239,305252,413571,52709,859389,2607741,293373,803726,810500,700142,191371,63637,18301,109433,747166,556428,62810,127928,9800,15138,10499,5076,10690,21103,20473,3407,48064,163337,219186,247723,11518,35361,49451,31278,56956,150800,3875589,0.018718961169515103,0.2029779209345501,0.6356251782966398,0.20390352218399488,0.10262956302968237,0.46104035625060563,0.225629076204214,0.16936264343978985,0.08481860204510436,0.045710429501273485,0.020079193351239522,0.48135806916426516,0.37374256163219044,0.29278931411246495,0.09822689923598098,0.11250081967496005,0.3082077552947168,0.3108054059049576,0.26848601912536557,0.3776923076923077,0.05778874638470866
Oregon,2021,41,4207177,1658091,467353,314656,480358,46923,934589,2971396,252602,668083,1009617,1041094,114515,40931,12779,60805,733519,562502,58840,112177,6315,9234,10295,6372,6646,11685,14301,3707,41546,124944,259183,337125,9786,27153,54533,36634,70084,362200,3982267,0.056477880564010485,0.1897700427781105,0.6732726654156495,0.1350358594112972,0.06783023135957099,0.35151056179255646,0.1784303048073835,0.1319445895405445,0.06881903143585387,0.03820348970973512,0.018550380352666835,0.40445472249269715,0.30086513208713117,0.20776069965424063,0.09189162390619965,0.0850112203152996,0.22483808957136645,0.3397786764201069,0.350372013693227,0.19349530646051905,0.04780685310011493
Pennsylvania,2021,42,12970650,5147783,1430404,922591,1505156,145623,2749977,9111497,787376,3079339,2227532,3017250,426510,106547,41719,278244,2219958,1654497,167620,397841,18481,32037,18775,13136,28743,62431,45834,12576,119180,630814,584375,1010949,36916,152018,147603,117807,67587,197300,12783977,0.014602106996907116,0.1792210355409309,0.6449863115595315,0.16116197135200577,0.060502179389044224,0.41155180191839785,0.19928919121616134,0.13425007809038145,0.04833212893998802,0.03112824338887507,0.012827060253787527,0.43776176914055953,0.2911228310693918,0.23694536205586314,0.09645429235406457,0.08641565705393965,0.3379619177836529,0.2444748651072376,0.3311475600551699,0.3425595539787126,0.05029113137173643
Rhode Island,2021,44,1091949,426769,118465,73787,115811,11821,244981,766615,83508,213716,198622,270769,31100,7515,3027,20558,177021,126423,13016,37582,1653,2118,1164,1182,2448,4008,3538,1055,12710,37895,47667,85209,4119,13683,15245,10679,74489,292600,1054491,0.03552235154211836,0.17289681302999985,0.6228590722998354,0.1494323014015885,0.05610804999328047,0.3535947712418301,0.18868042136757465,0.11508737728886723,0.05293279684102667,0.023837316458806906,0.013681980761884918,0.37277295568752855,0.226555875869086,0.18836181653622958,0.08990966422362366,0.10893081925086257,0.2787787872660984,0.25908963430144205,0.35320075918159705,0.2545762132604238,0.046031572962827394
South Carolina,2021,45,5078903,1976447,571926,349976,583040,63525,1104451,3507171,393448,1008011,1059288,1046424,223216,50255,19419,153542,864782,625641,56897,182244,9343,14805,12237,6852,16130,28195,26818,5997,52878,192871,282649,361381,19691,53599,76422,45721,58234,181800,4834605,0.05053111888148054,0.17707330376175026,0.611925319009802,0.2051621418421725,0.07435315492324263,0.45726147010298224,0.25445516012369623,0.1501583066810241,0.07128893083456923,0.04149739221258385,0.018607783658716084,0.45029451997431674,0.34470743575323376,0.2597636574970941,0.11595576008352991,0.11218386557142494,0.2874142720728473,0.30203488794814964,0.2983669744075781,0.32031903190319033,0.054388960047124256
South Dakota,2021,46,881785,345779,102237,68879,102113,11840,177846,580235,43328,174791,188079,174037,32749,7977,3785,20987,179233,139820,13378,26035,633,2110,1929,1075,1784,2740,3641,564,6076,40667,54131,64371,1314,4947,9479,5757,63920,187800,851058,0.036104472315635405,0.19919948869075335,0.6737189080274265,0.1544895321300865,0.053972678741787725,0.446322997745736,0.22053254093107266,0.09435087196303472,0.04932557215325993,0.034409561184445235,0.0164257555847569,0.5758553905745643,0.3564459477039157,0.27751524390243903,0.08922638822971049,0.07467319275810663,0.30124173826122175,0.3241428042086396,0.299942264772032,0.34036208732694356,0.06241894499330473
Tennessee,2021,47,6859497,2664791,799608,504675,769206,82463,1527409,4708480,529162,1485813,1326294,1367211,293219,87737,26884,178598,1204357,891462,91473,221422,15268,24412,14718,8902,19125,38231,31629,6591,76438,302538,360572,471033,22853,71699,86670,59954,58516,193700,6548009,0.0475698796382229,0.1893863346131085,0.6311530149773389,0.19579573924795804,0.08960078594851506,0.4464726763661817,0.22714330373361946,0.1664885612718906,0.0746658510475608,0.039217671667244,0.018548345088397387,0.4555957882700462,0.347775857363777,0.2673648974209418,0.09904575850927944,0.11238488854152508,0.31556107278782114,0.281681986543428,0.2903720521272258,0.30209602478058856,0.05122332707196597
Texas,2021,48,28862581,10239341,3707603,2463475,2657092,401736,6708802,18619469,2826181,4563619,5358474,5871195,1419718,514540,104009,801169,5910892,4456252,409495,1045145,112719,82604,67519,42633,113389,122527,118462,28894,512902,906040,1390641,2005509,141860,243986,370471,262620,67321,202600,26956435,0.07071209527520983,0.2405892137003739,0.6644387222688082,0.19366983102361196,0.10351267966955768,0.43392889833473614,0.2025475945659625,0.18017138171512784,0.08355282589081611,0.04630424644757777,0.020815451272421542,0.44422896857578287,0.3343046494940152,0.24228677548866615,0.09911702353917821,0.1517863371936117,0.2450993097601226,0.2877887656194707,0.31532558742679506,0.3322852912142152,0.05649867844036555
Utah,2021,49,3231370,1033651,410822,322671,302207,49687,762156,1921860,132503,435611,672887,680859,83397,39581,6105,37711,847242,722787,42356,82099,2658,5447,8613,6897,3387,5141,7105,2088,26006,97000,212903,265354,6164,18769,29538,19673,79133,339700,2948427,0.09596405133991781,0.312166292104395,0.7854277521651712,0.08961262100556715,0.051918496054398924,0.31475669810533347,0.125977590227193,0.09272955623778956,0.053168955655119234,0.038882067209592086,0.025333240281945703,0.3546225526122919,0.2150146382266834,0.19389787954043064,0.09595147281834475,0.06894518851529248,0.22666115117646446,0.3501227977063886,0.3542708626018545,0.2329496614659994,0.061202720230389376
Vermont,2021,50,641637,262514,63429,41820,81768,5492,137090,454463,27915,127128,113730,185690,12630,3310,1582,7738,103487,76605,8839,18043,640,1174,752,944,594,2077,1450,615,3700,25259,31197,59922,890,4520,5758,6934,67674,240600,626249,0.024571695922867676,0.15930578940551743,0.6593198694603415,0.10876960307276282,0.041419007695676656,0.3001435165431907,0.1518088475194319,0.14746543778801843,0.04441417924563992,0.02353751291120223,0.015509479840962114,0.4002695417789757,0.31484007882370774,0.201165371809101,0.08146774407206253,0.06142414233942037,0.2797323434471013,0.2502513956031624,0.4085921186103159,0.28127182044887783,0.03851818602628663
Virginia,2021,51,8582479,3248528,1009004,693029,924352,99799,1932340,5882521,539599,1402487,1568038,2372397,235549,68926,16095,150528,1620552,1242404,108886,269262,11043,15999,13775,10613,16455,27583,27253,8357,79898,264148,412012,809893,27241,70454,103001,92939,80615,295500,8310301,0.03275188227237491,0.21333631724892013,0.6868446507645163,0.1269052707799845,0.05256190280097306,0.3585792896448224,0.1287795744953233,0.12143037793734399,0.05710930333003744,0.032351856679513465,0.012934701269704304,0.3765790919077261,0.2813529585768638,0.20922965897400464,0.08250078976465014,0.0917292092964904,0.23841597845549553,0.2665588444138151,0.40329596783419897,0.2728087986463621,0.049110321685672094
Washington,2021,53,7617364,2931841,891334,620711,846878,96266,1699246,5278652,426501,1150293,1733850,1968008,198291,66236,20394,111661,1445016,1122566,111422,211028,10628,11875,14511,10423,12404,17464,24985,6526,69593,222970,466936,660653,17725,46989,95293,64613,82400,397600,7073146,0.07694143454694702,0.21171373208847274,0.6963842958980584,0.12066582811367565,0.055716595362390035,0.3460328675597867,0.1547156642592705,0.13248401291432418,0.050565266452340905,0.03014038928480186,0.015531772854341387,0.4116963722659232,0.2709571315532248,0.20772709888757712,0.09173589732776677,0.0807973323492437,0.21791415687186805,0.3284645398105425,0.3728239709683457,0.20724346076458752,0.05361479065581294
West Virginia,2021,54,1801049,711352,187806,121683,220478,18604,367595,1277914,152581,512232,334820,278281,77949,26791,10087,41071,276584,210983,22169,43432,5224,9959,5442,1738,4079,10764,8601,1218,21880,112698,90529,94691,5532,17575,16095,11037,50884,128800,1846092,-0.02439910903681941,0.17105877259078486,0.6479185968499409,0.21986387726953485,0.11267422005770185,0.48603008177224477,0.3127170138888889,0.19273907910271545,0.0811938984322134,0.056704629523501894,0.01802362359870993,0.42440953074602017,0.37982991636966723,0.34827502429543244,0.09938800489596084,0.11939848847418527,0.4008344849496914,0.26200511145507444,0.21776191512104884,0.39506211180124223,0.04817205637508124
Wisconsin,2021,55,5871661,2401818,662097,432376,718825,66755,1242348,4027685,285275,1209751,1264360,1268299,166036,45875,19217,100944,1097057,821464,94593,181000,6674,12109,9829,5801,8134,20171,19953,3900,46419,258536,359600,452233,12101,48307,71112,45577,67080,200400,5754798,0.020307055086903114,0.18002030128844068,0.653040264492967,0.13145192000905714,0.052891660584846296,0.3580285446755384,0.16885159476320183,0.12570395344018986,0.04474126623436605,0.026605924277736722,0.012664998668221137,0.40197677291821104,0.29456175706066184,0.21910723109866578,0.07882450431513632,0.07082852805023233,0.30035889102548985,0.31391729988814915,0.3148952810361287,0.3347305389221557,0.050992931801393776
Wyoming,2021,56,576641,230653,67134,47639,70234,7909,118758,390162,24433,110950,143496,111283,16309,6030,1650,8629,114976,92798,7594,14584,566,1221,1442,810,497,1753,1939,441,3962,26853,42960,40059,740,3436,6351,3027,68002,237900,583029,-0.010956573343693043,0.20653969382579027,0.709610629487294,0.12422592070685912,0.06101509693609099,0.37173135742902685,0.1784941583729987,0.125,0.04349219918786065,0.03247601459393721,0.01981942303457388,0.40177849636216656,0.3378300250529967,0.2338962605548854,0.12716262975778547,0.06262270544030428,0.2843690569558286,0.3677856890214834,0.2852225485823837,0.2858427910886927,0.0624393093702385
Puerto Rico,2021,72,3311274,1196790,309054,127022,310897,20999,752147,2399112,519160,672492,549350,658110,332239,78971,47459,205809,259285,163643,27226,68416,42457,40192,22470,11932,34044,53588,46135,20893,38691,75991,77778,128408,17201,21510,27349,51513,21967,111800,3529385,-0.061798585305938625,0.10613557934140493,0.41100260795847976,0.5616661369614758,0.32550058941363647,0.7505114413346704,0.6354555801030997,0.5232045152067827,0.34593701316027303,0.2241441225760115,0.08502208921191393,0.6643379841935798,0.7135742629630616,0.62782374394426,0.28855343479822115,0.21639673345804614,0.28030871422426296,0.2289805561391048,0.2743139961785861,0.19648479427549195,0.02716045869732237
